Date,MEI
1/1/1905,0.6446451
2/1/1905,0.737454815
3/1/1905,0.943599471
4/1/1905,1.065858423
5/1/1905,0.948061477
6/1/1905,1.24076904
7/1/1905,1.684292391
8/1/1905,1.608438296
9/1/1905,1.404970844
10/1/1905,1.263079068
11/1/1905,1.030162379
12/1/1905,1.039978791
1/1/1906,0.880238993
2/1/1906,0.533094962
3/1/1906,0.397449994
4/1/1906,0.366215955
5/1/1906,0.270729036
6/1/1906,0.091356414
7/1/1906,-0.309331684
8/1/1906,-0.498520718
9/1/1906,-0.766241051
10/1/1906,-1.116062285
11/1/1906,-0.839417942
12/1/1906,-0.66093772
1/1/1907,-0.798367491
2/1/1907,-0.708234979
3/1/1907,-0.656475714
4/1/1907,-0.853696359
5/1/1907,-0.966138899
6/1/1907,-0.883145596
7/1/1907,-0.515476339
8/1/1907,-0.066598582
9/1/1907,0.068153985
10/1/1907,-0.038041747
11/1/1907,-0.377154168
12/1/1907,-0.47531829
1/1/1908,-0.458362669
2/1/1908,-0.474425889
3/1/1908,-0.634165687
4/1/1908,-0.941151668
5/1/1908,-1.22493522
6/1/1908,-1.237428835
7/1/1908,-0.83852554
8/1/1908,-0.659152918
9/1/1908,-0.849234354
10/1/1908,-0.955430085
11/1/1908,-1.008974152
12/1/1908,-1.203517593
1/1/1909,-0.977740113
2/1/1909,-0.606501252
3/1/1909,-0.663614923
4/1/1909,-0.875113986
5/1/1909,-0.929550453
6/1/1909,-1.133017906
7/1/1909,-1.398061035
8/1/1909,-1.552446426
9/1/1909,-1.623838515
10/1/1909,-1.487301146
11/1/1909,-1.42661787
12/1/1909,-1.396276233
1/1/1910,-1.295434907
2/1/1910,-1.326668946
3/1/1910,-1.507826371
4/1/1910,-1.677382581
5/1/1910,-1.76483789
6/1/1910,-1.830875572
7/1/1910,-1.851400797
8/1/1910,-1.531921201
9/1/1910,-1.387352222
10/1/1910,-1.497117558
11/1/1910,-1.332023353
12/1/1910,-1.262416066
1/1/1911,-1.126771098
2/1/1911,-0.70912738
3/1/1911,-0.550279983
4/1/1911,-0.993803333
5/1/1911,-1.44268109
6/1/1911,-1.448035497
7/1/1911,-0.879575991
8/1/1911,-0.104079429
9/1/1911,0.20915336
10/1/1911,0.388525982
11/1/1911,0.60448705
12/1/1911,0.6446451
1/1/1912,0.755302838
2/1/1912,0.836511338
3/1/1912,0.65267671
4/1/1912,0.492936912
5/1/1912,0.261805025
6/1/1912,-0.332534112
7/1/1912,-0.577052016
8/1/1912,-0.567235604
9/1/1912,-0.313793689
10/1/1912,-0.05678217
11/1/1912,-0.05678217
12/1/1912,-0.102294627
1/1/1913,-0.076414995
2/1/1913,0.113666441
3/1/1913,0.092248815
4/1/1913,-0.54849518
5/1/1913,-0.901886019
6/1/1913,-0.39500219
7/1/1913,-0.009484912
8/1/1913,0.245741805
9/1/1913,0.548265781
10/1/1913,0.414405615
11/1/1913,0.429576433
12/1/1913,0.63661349
1/1/1914,0.658923518
2/1/1914,0.662493122
3/1/1914,0.650891908
4/1/1914,0.479550895
5/1/1914,0.343013526
6/1/1914,0.256450619
7/1/1914,0.487582505
8/1/1914,1.028377577
9/1/1914,1.125649297
10/1/1914,0.809739305
11/1/1914,0.857928965
12/1/1914,1.062288819
1/1/1915,1.107801275
2/1/1915,0.987327126
3/1/1915,0.730315607
4/1/1915,0.914150235
5/1/1915,1.32911675
6/1/1915,1.325547145
7/1/1915,0.817770915
8/1/1915,0.407266406
9/1/1915,0.127944859
10/1/1915,-0.342350525
11/1/1915,-0.673431336
12/1/1915,-0.585083626
1/1/1916,-0.420881822
2/1/1916,-0.661830121
3/1/1916,-0.945613673
4/1/1916,-0.837633139
5/1/1916,-0.818892716
6/1/1916,-0.99915774
7/1/1916,-1.396276233
8/1/1916,-1.932609298
9/1/1916,-1.99864698
10/1/1916,-1.641686537
11/1/1916,-1.556908432
12/1/1916,-1.754129077
1/1/1917,-1.768407494
2/1/1917,-1.633654927
3/1/1917,-1.492655552
4/1/1917,-1.462313915
5/1/1917,-1.616699306
6/1/1917,-1.588142471
7/1/1917,-1.065195422
8/1/1917,-0.922411245
9/1/1917,-1.034853784
10/1/1917,-1.05537901
11/1/1917,-1.065195422
12/1/1917,-1.132125505
1/1/1918,-1.244568044
2/1/1918,-1.075011834
3/1/1918,-0.906348025
4/1/1918,-0.761779045
5/1/1918,-0.571697609
6/1/1918,-0.108541434
7/1/1918,0.873992185
8/1/1918,1.260401865
9/1/1918,0.879346592
10/1/1918,0.8052773
11/1/1918,0.87845419
12/1/1918,0.973941109
1/1/1919,1.303237118
2/1/1919,1.504919768
3/1/1919,1.31305353
4/1/1919,0.907011026
5/1/1919,0.856144163
6/1/1919,1.081921643
7/1/1919,1.032839582
8/1/1919,0.967694301
9/1/1919,0.828479728
10/1/1919,0.663385524
11/1/1919,0.38674118
12/1/1919,0.069938787
1/1/1920,0.17702692
2/1/1920,0.443854851
3/1/1920,0.532202561
4/1/1920,0.446532054
5/1/1920,0.250203811
6/1/1920,0.161856101
7/1/1920,-0.235262392
8/1/1920,-0.364660552
9/1/1920,-0.269173634
10/1/1920,-0.327179706
11/1/1920,-0.107649033
12/1/1920,-0.026440533
1/1/1921,-0.029117736
2/1/1921,-0.105864231
3/1/1921,-0.62881128
4/1/1921,-1.062518218
5/1/1921,-0.803721897
6/1/1921,-0.575267214
7/1/1921,-0.599362044
8/1/1921,-0.561881197
9/1/1921,-0.590438033
10/1/1921,-0.610070857
11/1/1921,-0.387862981
12/1/1921,-0.323610101
1/1/1922,-0.490489108
2/1/1922,-0.563665999
3/1/1922,-0.385185778
4/1/1922,-0.098725022
5/1/1922,-0.033579741
6/1/1922,-0.258464821
7/1/1922,-0.498520718
8/1/1922,-0.417312218
9/1/1922,-0.389647783
10/1/1922,-0.511014334
11/1/1922,-0.474425889
12/1/1922,-0.676108539
1/1/1923,-0.807291502
2/1/1923,-0.615425264
3/1/1923,-0.520830746
4/1/1923,-0.530647158
5/1/1923,-0.425343828
6/1/1923,-0.090693412
7/1/1923,0.381386774
8/1/1923,0.643752699
9/1/1923,0.739239618
10/1/1923,0.761549645
11/1/1923,0.851682157
12/1/1923,0.769581255
1/1/1924,0.533094962
2/1/1924,0.305532679
3/1/1924,0.051198364
4/1/1924,-0.252218013
5/1/1924,-0.670754132
6/1/1924,-1.034853784
7/1/1924,-1.169606351
8/1/1924,-1.351656177
9/1/1924,-1.360580188
10/1/1924,-0.948290877
11/1/1924,-0.813538309
12/1/1924,-0.912594832
1/1/1925,-0.91081003
2/1/1925,-0.764456248
3/1/1925,-0.489596707
4/1/1925,-0.179041122
5/1/1925,-0.01662412
6/1/1925,-0.037149346
7/1/1925,0.134191667
8/1/1925,0.656246315
9/1/1925,1.088168451
10/1/1925,1.2889587
11/1/1925,1.2889587
12/1/1925,1.357673585
1/1/1926,1.196148985
2/1/1926,1.145282122
3/1/1926,1.370167201
4/1/1926,1.46654652
5/1/1926,1.127434099
6/1/1926,0.8864858
7/1/1926,0.892732608
8/1/1926,0.551835385
9/1/1926,0.100280425
10/1/1926,-0.086231407
11/1/1926,-0.081769401
12/1/1926,-0.060351775
1/1/1927,-0.046965758
2/1/1927,0.081540001
3/1/1927,0.11277404
4/1/1927,-0.303977277
5/1/1927,-0.415527415
6/1/1927,-0.272743238
7/1/1927,-0.420881822
8/1/1927,-0.23347759
9/1/1927,0.085109606
10/1/1927,0.124375255
11/1/1927,0.276083443
12/1/1927,0.246634206
1/1/1928,0.218969772
2/1/1928,0.365323554
3/1/1928,0.24931141
4/1/1928,-0.060351775
5/1/1928,-0.176363919
6/1/1928,0.003901105
7/1/1928,0.24931141
8/1/1928,-0.005915307
9/1/1928,-0.479780295
10/1/1928,-0.47531829
11/1/1928,-0.323610101
12/1/1928,-0.203135952
1/1/1929,-0.116573044
2/1/1929,-0.107649033
3/1/1929,-0.228123183
4/1/1929,-0.270958436
5/1/1929,0.008363111
6/1/1929,0.313564289
7/1/1929,0.437608043
8/1/1929,0.595563039
9/1/1929,0.694619562
10/1/1929,0.544696176
11/1/1929,0.350152735
12/1/1929,0.358184345
1/1/1930,0.392095587
2/1/1930,0.433146038
3/1/1930,0.625012276
4/1/1930,0.866852976
5/1/1930,1.010529554
6/1/1930,0.881131394
7/1/1930,0.960555092
8/1/1930,1.185440171
9/1/1930,1.285389096
10/1/1930,1.414787256
11/1/1930,1.478147735
12/1/1930,1.658412758
1/1/1931,1.649488747
2/1/1931,1.595944681
3/1/1931,1.685184792
4/1/1931,1.640564736
5/1/1931,1.275572683
6/1/1931,0.723176398
7/1/1931,0.319811097
8/1/1931,0.174349717
9/1/1931,0.094033617
10/1/1931,0.100280425
11/1/1931,0.161856101
12/1/1931,0.116343645
1/1/1932,0.107419634
2/1/1932,0.186843332
3/1/1932,0.373355164
4/1/1932,0.642860298
5/1/1932,0.800815294
6/1/1932,0.831156932
7/1/1932,0.93467546
8/1/1932,0.855251762
9/1/1932,0.371570361
10/1/1932,-0.104079429
11/1/1932,-0.190642336
12/1/1932,-0.079984599
1/1/1933,-0.112111039
2/1/1933,-0.171901913
3/1/1933,-0.412850212
4/1/1933,-0.502982724
5/1/1933,-0.405711003
6/1/1933,-0.658260517
7/1/1933,-0.745715825
8/1/1933,-0.797475089
9/1/1933,-0.964354097
10/1/1933,-0.952752882
11/1/1933,-0.940259267
12/1/1933,-1.034853784
1/1/1934,-1.175853159
2/1/1934,-1.142834318
3/1/1934,-0.958107289
4/1/1934,-0.640412495
5/1/1934,-0.278990046
6/1/1934,-0.125497055
7/1/1934,-0.178148721
8/1/1934,-0.214737166
9/1/1934,-0.026440533
10/1/1934,0.042274353
11/1/1934,-0.134421067
12/1/1934,-0.18528793
1/1/1935,-0.235262392
2/1/1935,-0.35484414
3/1/1935,-0.515476339
4/1/1935,-0.512799136
5/1/1935,-0.157623495
6/1/1935,0.026211133
7/1/1935,-0.108541434
8/1/1935,-0.044288555
9/1/1935,0.227893783
10/1/1935,0.308209883
11/1/1935,0.26537463
12/1/1935,0.272513838
1/1/1936,0.11277404
2/1/1936,0.079755199
3/1/1936,0.22521658
4/1/1936,0.333197114
5/1/1936,0.398342395
6/1/1936,0.363538751
7/1/1936,0.20112175
8/1/1936,0.162748502
9/1/1936,0.124375255
10/1/1936,0.063691979
11/1/1936,0.170780112
12/1/1936,0.262697426
1/1/1937,0.243957003
2/1/1937,0.124375255
3/1/1937,0.135084068
4/1/1937,0.013717517
5/1/1937,-0.175471518
6/1/1937,-0.30665448
7/1/1937,-0.320040497
8/1/1937,-0.122819852
9/1/1937,0.106527232
10/1/1937,0.172564914
11/1/1937,0.0806476
12/1/1937,-0.131743863
1/1/1938,-0.30665448
2/1/1938,-0.423559025
3/1/1938,-0.485134702
4/1/1938,-0.666292127
5/1/1938,-0.925980849
6/1/1938,-0.98309452
7/1/1938,-1.174960758
8/1/1938,-1.301681715
9/1/1938,-1.1285559
10/1/1938,-0.761779045
11/1/1938,-0.590438033
12/1/1938,-0.696633764
1/1/1939,#N/A
2/1/1939,#N/A
3/1/1939,#N/A
4/1/1939,#N/A
5/1/1939,#N/A
6/1/1939,#N/A
7/1/1939,#N/A
8/1/1939,#N/A
9/1/1939,#N/A
10/1/1939,#N/A
11/1/1939,#N/A
12/1/1939,#N/A
1/1/1940,#N/A
2/1/1940,#N/A
3/1/1940,#N/A
4/1/1940,#N/A
5/1/1940,#N/A
6/1/1940,#N/A
7/1/1940,#N/A
8/1/1940,#N/A
9/1/1940,#N/A
10/1/1940,#N/A
11/1/1940,#N/A
12/1/1940,#N/A
1/1/1941,#N/A
2/1/1941,#N/A
3/1/1941,#N/A
4/1/1941,#N/A
5/1/1941,#N/A
6/1/1941,#N/A
7/1/1941,#N/A
8/1/1941,#N/A
9/1/1941,#N/A
10/1/1941,#N/A
11/1/1941,#N/A
12/1/1941,#N/A
1/1/1942,#N/A
2/1/1942,#N/A
3/1/1942,#N/A
4/1/1942,#N/A
5/1/1942,#N/A
6/1/1942,#N/A
7/1/1942,#N/A
8/1/1942,#N/A
9/1/1942,#N/A
10/1/1942,#N/A
11/1/1942,#N/A
12/1/1942,#N/A
1/1/1943,#N/A
2/1/1943,#N/A
3/1/1943,#N/A
4/1/1943,#N/A
5/1/1943,#N/A
6/1/1943,#N/A
7/1/1943,#N/A
8/1/1943,#N/A
9/1/1943,#N/A
10/1/1943,#N/A
11/1/1943,#N/A
12/1/1943,#N/A
1/1/1944,#N/A
2/1/1944,#N/A
3/1/1944,#N/A
4/1/1944,#N/A
5/1/1944,#N/A
6/1/1944,#N/A
7/1/1944,#N/A
8/1/1944,#N/A
9/1/1944,#N/A
10/1/1944,#N/A
11/1/1944,#N/A
12/1/1944,#N/A
1/1/1945,#N/A
2/1/1945,#N/A
3/1/1945,#N/A
4/1/1945,#N/A
5/1/1945,#N/A
6/1/1945,#N/A
7/1/1945,#N/A
8/1/1945,#N/A
9/1/1945,#N/A
10/1/1945,#N/A
11/1/1945,#N/A
12/1/1945,#N/A
1/1/1946,#N/A
2/1/1946,#N/A
3/1/1946,#N/A
4/1/1946,#N/A
5/1/1946,#N/A
6/1/1946,#N/A
7/1/1946,#N/A
8/1/1946,#N/A
9/1/1946,#N/A
10/1/1946,#N/A
11/1/1946,#N/A
12/1/1946,#N/A
1/1/1947,#N/A
2/1/1947,#N/A
3/1/1947,#N/A
4/1/1947,#N/A
5/1/1947,#N/A
6/1/1947,#N/A
7/1/1947,#N/A
8/1/1947,#N/A
9/1/1947,#N/A
10/1/1947,#N/A
11/1/1947,#N/A
12/1/1947,#N/A
1/1/1948,#N/A
2/1/1948,#N/A
3/1/1948,#N/A
4/1/1948,#N/A
5/1/1948,#N/A
6/1/1948,#N/A
7/1/1948,#N/A
8/1/1948,#N/A
9/1/1948,#N/A
10/1/1948,#N/A
11/1/1948,#N/A
12/1/1948,#N/A
1/1/1949,#N/A
2/1/1949,#N/A
3/1/1949,#N/A
4/1/1949,#N/A
5/1/1949,#N/A
6/1/1949,#N/A
7/1/1949,#N/A
8/1/1949,#N/A
9/1/1949,#N/A
10/1/1949,#N/A
11/1/1949,#N/A
12/1/1949,#N/A
1/1/1950,-1.03
2/1/1950,-1.133
3/1/1950,-1.312
4/1/1950,-1.098
5/1/1950,-1.445
6/1/1950,-1.376
7/1/1950,-1.267
8/1/1950,-1.03
9/1/1950,-0.597
10/1/1950,-0.406
11/1/1950,-1.138
12/1/1950,-1.235
1/1/1951,-1.049
2/1/1951,-1.152
3/1/1951,-1.204
4/1/1951,-0.544
5/1/1951,-0.374
6/1/1951,0.319
7/1/1951,0.676
8/1/1951,0.842
9/1/1951,0.773
10/1/1951,0.768
11/1/1951,0.726
12/1/1951,0.504
1/1/1952,0.433
2/1/1952,0.138
3/1/1952,0.047
4/1/1952,0.198
5/1/1952,-0.307
6/1/1952,-0.722
7/1/1952,-0.307
8/1/1952,-0.358
9/1/1952,0.347
10/1/1952,0.306
11/1/1952,-0.328
12/1/1952,-0.098
1/1/1953,0.044
2/1/1953,0.401
3/1/1953,0.257
4/1/1953,0.668
5/1/1953,0.773
6/1/1953,0.226
7/1/1953,0.379
8/1/1953,0.228
9/1/1953,0.527
10/1/1953,0.124
11/1/1953,0.099
12/1/1953,0.351
1/1/1954,-0.036
2/1/1954,-0.027
3/1/1954,0.147
4/1/1954,-0.634
5/1/1954,-1.478
6/1/1954,-1.528
7/1/1954,-1.356
8/1/1954,-1.446
9/1/1954,-1.138
10/1/1954,-1.32
11/1/1954,-1.113
12/1/1954,-1.088
1/1/1955,-0.74
2/1/1955,-0.669
3/1/1955,-1.147
4/1/1955,-1.662
5/1/1955,-1.663
6/1/1955,-2.209
7/1/1955,-1.977
8/1/1955,-2.043
9/1/1955,-1.803
10/1/1955,-1.725
11/1/1955,-1.813
12/1/1955,-1.846
1/1/1956,-1.408
2/1/1956,-1.275
3/1/1956,-1.399
4/1/1956,-1.248
5/1/1956,-1.316
6/1/1956,-1.49
7/1/1956,-1.245
8/1/1956,-1.106
9/1/1956,-1.327
10/1/1956,-1.461
11/1/1956,-1.014
12/1/1956,-0.993
1/1/1957,-0.915
2/1/1957,-0.348
3/1/1957,0.101
4/1/1957,0.372
5/1/1957,0.826
6/1/1957,0.753
7/1/1957,0.924
8/1/1957,1.157
9/1/1957,1.158
10/1/1957,1.114
11/1/1957,1.167
12/1/1957,1.268
1/1/1958,1.473
2/1/1958,1.454
3/1/1958,1.32
4/1/1958,0.987
5/1/1958,0.685
6/1/1958,0.841
7/1/1958,0.7
8/1/1958,0.442
9/1/1958,0.209
10/1/1958,0.237
11/1/1958,0.501
12/1/1958,0.691
1/1/1959,0.553
2/1/1959,0.81
3/1/1959,0.495
4/1/1959,0.192
5/1/1959,-0.026
6/1/1959,-0.036
7/1/1959,-0.112
8/1/1959,0.13
9/1/1959,0.126
10/1/1959,-0.038
11/1/1959,-0.151
12/1/1959,-0.247
1/1/1960,-0.287
2/1/1960,-0.253
3/1/1960,-0.094
4/1/1960,-0.005
5/1/1960,-0.321
6/1/1960,-0.254
7/1/1960,-0.318
8/1/1960,-0.233
9/1/1960,-0.439
10/1/1960,-0.332
11/1/1960,-0.308
12/1/1960,-0.39
1/1/1961,-0.15
2/1/1961,-0.235
3/1/1961,-0.088
4/1/1961,0.004
5/1/1961,-0.304
6/1/1961,-0.153
7/1/1961,-0.21
8/1/1961,-0.283
9/1/1961,-0.271
10/1/1961,-0.51
11/1/1961,-0.416
12/1/1961,-0.608
1/1/1962,-1.065
2/1/1962,-0.963
3/1/1962,-0.712
4/1/1962,-1.068
5/1/1962,-0.894
6/1/1962,-0.839
7/1/1962,-0.682
8/1/1962,-0.523
9/1/1962,-0.528
10/1/1962,-0.642
11/1/1962,-0.598
12/1/1962,-0.482
1/1/1963,-0.718
2/1/1963,-0.837
3/1/1963,-0.69
4/1/1963,-0.768
5/1/1963,-0.48
6/1/1963,-0.112
7/1/1963,0.403
8/1/1963,0.611
9/1/1963,0.778
10/1/1963,0.848
11/1/1963,0.866
12/1/1963,0.765
1/1/1964,0.878
2/1/1964,0.481
3/1/1964,-0.269
4/1/1964,-0.562
5/1/1964,-1.249
6/1/1964,-1.113
7/1/1964,-1.386
8/1/1964,-1.476
9/1/1964,-1.284
10/1/1964,-1.196
11/1/1964,-1.211
12/1/1964,-0.907
1/1/1965,-0.536
2/1/1965,-0.329
3/1/1965,-0.278
4/1/1965,0.063
5/1/1965,0.474
6/1/1965,0.895
7/1/1965,1.366
8/1/1965,1.452
9/1/1965,1.43
10/1/1965,1.25
11/1/1965,1.378
12/1/1965,1.27
1/1/1966,1.307
2/1/1966,1.186
3/1/1966,0.681
4/1/1966,0.506
5/1/1966,-0.178
6/1/1966,-0.169
7/1/1966,-0.116
8/1/1966,0.171
9/1/1966,-0.06
10/1/1966,-0.018
11/1/1966,0.022
12/1/1966,-0.181
1/1/1967,-0.462
2/1/1967,-0.898
3/1/1967,-1.066
4/1/1967,-1.037
5/1/1967,-0.453
6/1/1967,-0.217
7/1/1967,-0.489
8/1/1967,-0.376
9/1/1967,-0.601
10/1/1967,-0.655
11/1/1967,-0.407
12/1/1967,-0.357
1/1/1968,-0.602
2/1/1968,-0.727
3/1/1968,-0.641
4/1/1968,-0.959
5/1/1968,-1.106
6/1/1968,-0.777
7/1/1968,-0.503
8/1/1968,-0.087
9/1/1968,0.244
10/1/1968,0.46
11/1/1968,0.607
12/1/1968,0.367
1/1/1969,0.67
2/1/1969,0.849
3/1/1969,0.453
4/1/1969,0.616
5/1/1969,0.681
6/1/1969,0.823
7/1/1969,0.49
8/1/1969,0.232
9/1/1969,0.2
10/1/1969,0.537
11/1/1969,0.683
12/1/1969,0.417
1/1/1970,0.38
2/1/1970,0.432
3/1/1970,0.22
4/1/1970,0
5/1/1970,-0.097
6/1/1970,-0.608
7/1/1970,-1.053
8/1/1970,-0.995
9/1/1970,-1.226
10/1/1970,-1.068
11/1/1970,-1.063
12/1/1970,-1.203
1/1/1971,-1.204
2/1/1971,-1.507
3/1/1971,-1.817
4/1/1971,-1.87
5/1/1971,-1.444
6/1/1971,-1.392
7/1/1971,-1.206
8/1/1971,-1.201
9/1/1971,-1.439
10/1/1971,-1.399
11/1/1971,-1.301
12/1/1971,-0.969
1/1/1972,-0.575
2/1/1972,-0.398
3/1/1972,-0.269
4/1/1972,-0.171
5/1/1972,0.428
6/1/1972,0.995
7/1/1972,1.824
8/1/1972,1.828
9/1/1972,1.574
10/1/1972,1.667
11/1/1972,1.74
12/1/1972,1.787
1/1/1973,1.723
2/1/1973,1.515
3/1/1973,0.86
4/1/1973,0.473
5/1/1973,-0.096
6/1/1973,-0.728
7/1/1973,-1.057
8/1/1973,-1.323
9/1/1973,-1.712
10/1/1973,-1.65
11/1/1973,-1.482
12/1/1973,-1.826
1/1/1974,-1.912
2/1/1974,-1.768
3/1/1974,-1.767
4/1/1974,-1.643
5/1/1974,-1.061
6/1/1974,-0.663
7/1/1974,-0.751
8/1/1974,-0.649
9/1/1974,-0.599
10/1/1974,-1.031
11/1/1974,-1.23
12/1/1974,-0.886
1/1/1975,-0.522
2/1/1975,-0.576
3/1/1975,-0.879
4/1/1975,-0.959
5/1/1975,-0.841
6/1/1975,-1.115
7/1/1975,-1.498
8/1/1975,-1.704
9/1/1975,-1.853
10/1/1975,-1.968
11/1/1975,-1.748
12/1/1975,-1.732
1/1/1976,-1.587
2/1/1976,-1.366
3/1/1976,-1.234
4/1/1976,-1.18
5/1/1976,-0.486
6/1/1976,0.306
7/1/1976,0.634
8/1/1976,0.676
9/1/1976,1.064
10/1/1976,0.978
11/1/1976,0.511
12/1/1976,0.565
1/1/1977,0.529
2/1/1977,0.29
3/1/1977,0.139
4/1/1977,0.545
5/1/1977,0.318
6/1/1977,0.443
7/1/1977,0.888
8/1/1977,0.706
9/1/1977,0.824
10/1/1977,1.016
11/1/1977,0.99
12/1/1977,0.877
1/1/1978,0.777
2/1/1978,0.912
3/1/1978,0.936
4/1/1978,0.191
5/1/1978,-0.381
6/1/1978,-0.575
7/1/1978,-0.421
8/1/1978,-0.182
9/1/1978,-0.364
10/1/1978,0.003
11/1/1978,0.203
12/1/1978,0.406
1/1/1979,0.608
2/1/1979,0.379
3/1/1979,-0.01
4/1/1979,0.292
5/1/1979,0.382
6/1/1979,0.453
7/1/1979,0.397
8/1/1979,0.637
9/1/1979,0.801
10/1/1979,0.694
11/1/1979,0.759
12/1/1979,1.004
1/1/1980,0.677
2/1/1980,0.601
3/1/1980,0.689
4/1/1980,0.927
5/1/1980,0.966
6/1/1980,0.931
7/1/1980,0.768
8/1/1980,0.349
9/1/1980,0.302
10/1/1980,0.223
11/1/1980,0.27
12/1/1980,0.111
1/1/1981,-0.25
2/1/1981,-0.14
3/1/1981,0.456
4/1/1981,0.671
5/1/1981,0.189
6/1/1981,0.004
7/1/1981,-0.027
8/1/1981,-0.072
9/1/1981,0.209
10/1/1981,0.132
11/1/1981,-0.021
12/1/1981,-0.126
1/1/1982,-0.258
2/1/1982,-0.125
3/1/1982,0.103
4/1/1982,0.013
5/1/1982,0.445
6/1/1982,0.947
7/1/1982,1.613
8/1/1982,1.806
9/1/1982,1.835
10/1/1982,2.061
11/1/1982,2.441
12/1/1982,2.425
1/1/1983,2.677
2/1/1983,2.931
3/1/1983,3.012
4/1/1983,2.808
5/1/1983,2.538
6/1/1983,2.255
7/1/1983,1.792
8/1/1983,1.184
9/1/1983,0.507
10/1/1983,0.056
11/1/1983,-0.115
12/1/1983,-0.17
1/1/1984,-0.314
2/1/1984,-0.509
3/1/1984,0.139
4/1/1984,0.373
5/1/1984,0.189
6/1/1984,-0.023
7/1/1984,-0.054
8/1/1984,-0.138
9/1/1984,-0.085
10/1/1984,0.026
11/1/1984,-0.332
12/1/1984,-0.585
1/1/1985,-0.546
2/1/1985,-0.576
3/1/1985,-0.709
4/1/1985,-0.472
5/1/1985,-0.715
6/1/1985,-0.14
7/1/1985,-0.126
8/1/1985,-0.35
9/1/1985,-0.508
10/1/1985,-0.119
11/1/1985,-0.042
12/1/1985,-0.279
1/1/1986,-0.293
2/1/1986,-0.183
3/1/1986,0.028
4/1/1986,-0.099
5/1/1986,0.355
6/1/1986,0.301
7/1/1986,0.402
8/1/1986,0.787
9/1/1986,1.116
10/1/1986,1.002
11/1/1986,0.89
12/1/1986,1.202
1/1/1987,1.249
2/1/1987,1.218
3/1/1987,1.722
4/1/1987,1.859
5/1/1987,2.134
6/1/1987,1.975
7/1/1987,1.878
8/1/1987,2.003
9/1/1987,1.905
10/1/1987,1.671
11/1/1987,1.286
12/1/1987,1.293
1/1/1988,1.115
2/1/1988,0.716
3/1/1988,0.491
4/1/1988,0.387
5/1/1988,0.196
6/1/1988,-0.556
7/1/1988,-1.107
8/1/1988,-1.284
9/1/1988,-1.501
10/1/1988,-1.313
11/1/1988,-1.447
12/1/1988,-1.311
1/1/1989,-1.103
2/1/1989,-1.241
3/1/1989,-1.054
4/1/1989,-0.763
5/1/1989,-0.402
6/1/1989,-0.216
7/1/1989,-0.429
8/1/1989,-0.479
9/1/1989,-0.287
10/1/1989,-0.319
11/1/1989,-0.058
12/1/1989,0.131
1/1/1990,0.243
2/1/1990,0.573
3/1/1990,0.956
4/1/1990,0.469
5/1/1990,0.658
6/1/1990,0.527
7/1/1990,0.151
8/1/1990,0.145
9/1/1990,0.398
10/1/1990,0.303
11/1/1990,0.4
12/1/1990,0.362
1/1/1991,0.319
2/1/1991,0.323
3/1/1991,0.402
4/1/1991,0.454
5/1/1991,0.748
6/1/1991,1.074
7/1/1991,1.044
8/1/1991,1.031
9/1/1991,0.778
10/1/1991,1.031
11/1/1991,1.202
12/1/1991,1.34
1/1/1992,1.747
2/1/1992,1.886
3/1/1992,1.991
4/1/1992,2.258
5/1/1992,2.112
6/1/1992,1.75
7/1/1992,1.048
8/1/1992,0.58
9/1/1992,0.518
10/1/1992,0.663
11/1/1992,0.595
12/1/1992,0.664
1/1/1993,0.692
2/1/1993,0.99
3/1/1993,0.99
4/1/1993,1.417
5/1/1993,2.019
6/1/1993,1.635
7/1/1993,1.206
8/1/1993,1.05
9/1/1993,1.011
10/1/1993,1.09
11/1/1993,0.848
12/1/1993,0.595
1/1/1994,0.352
2/1/1994,0.193
3/1/1994,0.157
4/1/1994,0.473
5/1/1994,0.585
6/1/1994,0.819
7/1/1994,0.907
8/1/1994,0.783
9/1/1994,0.931
10/1/1994,1.437
11/1/1994,1.312
12/1/1994,1.251
1/1/1995,1.219
2/1/1995,0.959
3/1/1995,0.853
4/1/1995,0.469
5/1/1995,0.576
6/1/1995,0.53
7/1/1995,0.234
8/1/1995,-0.13
9/1/1995,-0.416
10/1/1995,-0.461
11/1/1995,-0.463
12/1/1995,-0.537
1/1/1996,-0.597
2/1/1996,-0.566
3/1/1996,-0.238
4/1/1996,-0.386
5/1/1996,-0.044
6/1/1996,0.111
7/1/1996,-0.173
8/1/1996,-0.358
9/1/1996,-0.426
10/1/1996,-0.338
11/1/1996,-0.134
12/1/1996,-0.325
1/1/1997,-0.48
2/1/1997,-0.605
3/1/1997,-0.252
4/1/1997,0.543
5/1/1997,1.14
6/1/1997,2.287
7/1/1997,2.827
8/1/1997,3.037
9/1/1997,3.057
10/1/1997,2.423
11/1/1997,2.551
12/1/1997,2.344
1/1/1998,2.455
2/1/1998,2.777
3/1/1998,2.755
4/1/1998,2.661
5/1/1998,2.237
6/1/1998,1.356
7/1/1998,0.392
8/1/1998,-0.319
9/1/1998,-0.6
10/1/1998,-0.789
11/1/1998,-1.069
12/1/1998,-0.908
1/1/1999,-1.039
2/1/1999,-1.123
3/1/1999,-0.971
4/1/1999,-0.903
5/1/1999,-0.601
6/1/1999,-0.31
7/1/1999,-0.477
8/1/1999,-0.725
9/1/1999,-0.937
10/1/1999,-0.954
11/1/1999,-1.031
12/1/1999,-1.142
1/1/2000,-1.122
2/1/2000,-1.189
3/1/2000,-1.113
4/1/2000,-0.409
5/1/2000,0.257
6/1/2000,0.02
7/1/2000,-0.157
8/1/2000,-0.129
9/1/2000,-0.21
10/1/2000,-0.367
11/1/2000,-0.701
12/1/2000,-0.55
1/1/2001,-0.496
2/1/2001,-0.649
3/1/2001,-0.56
4/1/2001,-0.055
5/1/2001,0.288
6/1/2001,0.071
7/1/2001,0.299
8/1/2001,0.35
9/1/2001,-0.147
10/1/2001,-0.255
11/1/2001,-0.138
12/1/2001,0.033
1/1/2002,0.017
2/1/2002,-0.16
3/1/2002,-0.121
4/1/2002,0.414
5/1/2002,0.891
6/1/2002,0.945
7/1/2002,0.716
8/1/2002,1.025
9/1/2002,0.921
10/1/2002,1.02
11/1/2002,1.101
12/1/2002,1.156
1/1/2003,1.214
2/1/2003,0.944
3/1/2003,0.833
4/1/2003,0.421
5/1/2003,0.214
6/1/2003,0.131
7/1/2003,0.178
8/1/2003,0.329
9/1/2003,0.492
10/1/2003,0.534
11/1/2003,0.584
12/1/2003,0.362
1/1/2004,0.332
2/1/2004,0.37
3/1/2004,-0.035
4/1/2004,0.374
5/1/2004,0.56
6/1/2004,0.327
7/1/2004,0.574
8/1/2004,0.639
9/1/2004,0.591
10/1/2004,0.524
11/1/2004,0.818
12/1/2004,0.684
1/1/2005,0.325
2/1/2005,0.816
3/1/2005,1.067
4/1/2005,0.637
5/1/2005,0.893
6/1/2005,0.612
7/1/2005,0.519
8/1/2005,0.362
9/1/2005,0.329
10/1/2005,-0.152
11/1/2005,-0.374
12/1/2005,-0.55
1/1/2006,-0.428
2/1/2006,-0.414
3/1/2006,-0.527
4/1/2006,-0.575
5/1/2006,0.043
6/1/2006,0.546
7/1/2006,0.718
8/1/2006,0.77
9/1/2006,0.84
10/1/2006,0.976
11/1/2006,1.297
12/1/2006,0.965
1/1/2007,0.985
2/1/2007,0.537
3/1/2007,0.12
4/1/2007,0.02
5/1/2007,0.354
6/1/2007,-0.136
7/1/2007,-0.247
8/1/2007,-0.427
9/1/2007,-1.175
10/1/2007,-1.204
11/1/2007,-1.149
12/1/2007,-1.178
1/1/2008,-1.006
2/1/2008,-1.371
3/1/2008,-1.579
4/1/2008,-0.879
5/1/2008,-0.349
6/1/2008,0.164
7/1/2008,0.089
8/1/2008,-0.252
9/1/2008,-0.545
10/1/2008,-0.681
11/1/2008,-0.584
12/1/2008,-0.646
1/1/2009,-0.714
2/1/2009,-0.69
3/1/2009,-0.723
4/1/2009,-0.105
5/1/2009,0.328
6/1/2009,0.779
7/1/2009,1.06
8/1/2009,1.073
9/1/2009,0.745
10/1/2009,0.924
11/1/2009,1.134
12/1/2009,1.059
1/1/2010,1.066
2/1/2010,1.526
3/1/2010,1.469
4/1/2010,0.99
5/1/2010,0.668
6/1/2010,-0.211
7/1/2010,-1.099
8/1/2010,-1.662
9/1/2010,-1.86
10/1/2010,-1.888
11/1/2010,-1.472
12/1/2010,-1.558
1/1/2011,-1.719
2/1/2011,-1.544
3/1/2011,-1.575
4/1/2011,-1.399
5/1/2011,-0.202
6/1/2011,0.016
7/1/2011,-0.191
8/1/2011,-0.502
9/1/2011,-0.751
10/1/2011,-0.917
11/1/2011,-0.933
12/1/2011,-0.945
1/1/2012,-0.98
2/1/2012,-0.675
3/1/2012,-0.398
4/1/2012,0.112
5/1/2012,0.769
6/1/2012,0.866
7/1/2012,1.128
8/1/2012,0.628
9/1/2012,0.351
10/1/2012,0.097
11/1/2012,0.141
12/1/2012,0.111
1/1/2013,0.103
2/1/2013,-0.068
3/1/2013,-0.037
4/1/2013,0.095
5/1/2013,0.203
6/1/2013,-0.078
7/1/2013,-0.311
8/1/2013,-0.466
9/1/2013,-0.125
10/1/2013,0.148
11/1/2013,-0.042
12/1/2013,-0.234
1/1/2014,-0.27
2/1/2014,-0.259
3/1/2014,0.027
4/1/2014,0.312
5/1/2014,1.01
6/1/2014,1.057
7/1/2014,0.921
8/1/2014,0.961
9/1/2014,0.593
10/1/2014,0.45
11/1/2014,0.773
12/1/2014,0.566
1/1/2015,0.417
2/1/2015,0.464
3/1/2015,0.631
4/1/2015,0.943
5/1/2015,1.592
6/1/2015,2.101
7/1/2015,1.987
8/1/2015,2.365
9/1/2015,2.532
10/1/2015,2.256
11/1/2015,2.3
12/1/2015,2.12
1/1/2016,2.216
2/1/2016,2.17
3/1/2016,1.984
4/1/2016,2.124
5/1/2016,1.77
6/1/2016,1.069
7/1/2016,0.354
8/1/2016,0.186
9/1/2016,-0.091
10/1/2016,-0.363
11/1/2016,-0.197
12/1/2016,-0.11
1/1/2017,-0.052
2/1/2017,-0.043
3/1/2017,-0.08
4/1/2017,0.77
5/1/2017,1.455
6/1/2017,1.049
7/1/2017,0.461
8/1/2017,0.027
9/1/2017,-0.449
10/1/2017,-0.551
11/1/2017,-0.277
12/1/2017,-0.576
1/1/2018,-0.623
2/1/2018,-0.731
